{
  "timestamp": "2026-04-10T11:37:17.292704+00:00",
  "cluster": "mainnet-beta",
  "epoch": 954,
  "epoch_completed_percent": 35.44,
  "record_counts": {
    "validator": 769,
    "validator-hidden": 1,
    "validator-inactive": 26,
    "backup-node": 0,
    "rpc": 184,
    "co-hosted": 0,
    "unknown-node": 4082,
    "dz-device": 96,
    "jito-block-engine": 38,
    "jito-shred-receiver": 8,
    "jito-ntp": 8,
    "jito-bam": 12,
    "harmonic-auction": 6,
    "harmonic-tpu-relayer": 6,
    "harmonic-shred-receiver": 6,
    "harmonic-bundles": 6,
    "solana-rpc-official": 1,
    "solana-entrypoint": 5
  },
  "validators": {
    "total": 769,
    "total_all": 796,
    "offline": 27,
    "country_distribution": {
      "DE": 167,
      "NL": 139,
      "US": 123,
      "JP": 74,
      "SG": 55,
      "GB": 38,
      "BR": 28,
      "HK": 19,
      "LT": 16,
      "CA": 15,
      "FR": 14,
      "ZA": 10,
      "IE": 9,
      "PL": 7,
      "SE": 6
    },
    "asn_distribution": {
      "TERASWITCH": 118,
      "LATITUDE-SH": 111,
      "AS-VULTR": 87,
      "ALLNODES": 68,
      "AMARUTU-TECHNOLOGY": 44,
      "OVH": 35,
      "WEBNX": 20,
      "AS262287": 19,
      "CHERRYSERVERS2-AS": 17,
      "CHERRYSERVERS1-AS": 16
    },
    "stake_by_country": {
      "NL": 23.158289560403606,
      "DE": 22.876992414540844,
      "US": 11.805680783184394,
      "JP": 10.315301463050533,
      "GB": 8.828424462141477,
      "CA": 6.481140046164678,
      "LT": 4.504786350934178,
      "SG": 3.185308637030765,
      "IE": 2.47323268320919,
      "SE": 1.4926875529431145,
      "BR": 0.8469384857311105,
      "HK": 0.7039426972565463,
      "FR": 0.5425352431094967,
      "CH": 0.4743440038207013,
      "CZ": 0.3623207404873219,
      "ES": 0.27469312287064973,
      "ZA": 0.2280099509751004,
      "SK": 0.21842068864528724,
      "AE": 0.21023000843626635,
      "PL": 0.18070779991213423,
      "NO": 0.1691604657018181,
      "MX": 0.16633105466897635,
      "RU": 0.07256912426608247,
      "AL": 0.0679302501316705,
      "OFFLINE": 0.06534130950445285,
      "RO": 0.048882739143631074,
      "LV": 0.04585611550910658,
      "AT": 0.045590531760982975,
      "AR": 0.0370637391959334,
      "CL": 0.031962101209669296,
      "BG": 0.031822776644258914,
      "LU": 0.02840924832415593,
      "EE": 0.012563510667636715,
      "FI": 0.012530338424225284
    },
    "decentralization": {
      "nakamoto_country": {
        "value": 2,
        "rating": "Critical"
      },
      "nakamoto_asn": {
        "value": 1,
        "rating": "Critical"
      },
      "nakamoto_city": {
        "value": 2,
        "rating": "Critical"
      },
      "nakamoto_validator": {
        "value": 20,
        "rating": "Excellent"
      },
      "superminority_country_33": {
        "value": 2
      },
      "superminority_asn_33": {
        "value": 1
      },
      "superminority_validator_33": {
        "value": 20
      },
      "superminority_country_50": {
        "value": 3
      },
      "superminority_asn_50": {
        "value": 4
      },
      "superminority_validator_50": {
        "value": 43
      },
      "superminority_country_66": {
        "value": 4
      },
      "superminority_asn_66": {
        "value": 8
      },
      "superminority_validator_66": {
        "value": 81
      },
      "hhi_country": {
        "value": 1466.4,
        "rating": "Competitive"
      },
      "hhi_asn": {
        "value": 1383.4,
        "rating": "Competitive"
      },
      "hhi_validator": {
        "value": 94.3,
        "rating": "Competitive"
      },
      "gini_validators": {
        "value": 0.7523,
        "rating": "High inequality"
      },
      "shannon_country": {
        "entropy": 3.2245,
        "normalized": 0.6338,
        "rating": "Moderate diversity"
      },
      "shannon_asn": {
        "entropy": 4.0486,
        "normalized": 0.6191,
        "rating": "Moderate diversity"
      },
      "shannon_validator": {
        "entropy": 7.8257,
        "normalized": 0.8124,
        "rating": "High diversity"
      }
    }
  },
  "cluster_health": {
    "total_active_stake": 424544419430092200,
    "total_current_stake": 424410467734040400,
    "total_delinquent_stake": 133951696051829,
    "delinquent_stake_percent": 0.03,
    "average_skip_rate": 0.9843734617681474,
    "average_stake_weighted_skip_rate": 0.21662564466510295,
    "stake_by_version": {
      "unknown": {
        "currentValidators": 1,
        "delinquentValidators": 26,
        "currentActiveStake": 228776133781186,
        "delinquentActiveStake": 48626749302513
      },
      "0.1.1": {
        "currentValidators": 10,
        "delinquentValidators": 0,
        "currentActiveStake": 11138696833715160,
        "delinquentActiveStake": 0
      },
      "0.813.30108": {
        "currentValidators": 2,
        "delinquentValidators": 0,
        "currentActiveStake": 9466120026175,
        "delinquentActiveStake": 0
      },
      "0.814.30108": {
        "currentValidators": 4,
        "delinquentValidators": 0,
        "currentActiveStake": 2331212108290675,
        "delinquentActiveStake": 0
      },
      "0.817.30110": {
        "currentValidators": 4,
        "delinquentValidators": 0,
        "currentActiveStake": 1365200913924627,
        "delinquentActiveStake": 0
      },
      "0.818.30111": {
        "currentValidators": 1,
        "delinquentValidators": 0,
        "currentActiveStake": 53337683423956,
        "delinquentActiveStake": 0
      },
      "0.819.30111": {
        "currentValidators": 64,
        "delinquentValidators": 0,
        "currentActiveStake": 40047578458617880,
        "delinquentActiveStake": 0
      },
      "3.0.11": {
        "currentValidators": 0,
        "delinquentValidators": 1,
        "currentActiveStake": 0,
        "delinquentActiveStake": 997717120
      },
      "3.1.2": {
        "currentValidators": 0,
        "delinquentValidators": 2,
        "currentActiveStake": 0,
        "delinquentActiveStake": 53196852515753
      },
      "3.1.8": {
        "currentValidators": 16,
        "delinquentValidators": 0,
        "currentActiveStake": 10411081637583460,
        "delinquentActiveStake": 0
      },
      "3.1.9": {
        "currentValidators": 1,
        "delinquentValidators": 0,
        "currentActiveStake": 103980292837171,
        "delinquentActiveStake": 0
      },
      "3.1.10": {
        "currentValidators": 104,
        "delinquentValidators": 4,
        "currentActiveStake": 93303637811102700,
        "delinquentActiveStake": 31796485890272
      },
      "3.1.11": {
        "currentValidators": 406,
        "delinquentValidators": 2,
        "currentActiveStake": 207045290857032100,
        "delinquentActiveStake": 330610626171
      },
      "3.1.12": {
        "currentValidators": 133,
        "delinquentValidators": 0,
        "currentActiveStake": 56884057566666840,
        "delinquentActiveStake": 0
      },
      "3.1.13": {
        "currentValidators": 2,
        "delinquentValidators": 0,
        "currentActiveStake": 114918087361573,
        "delinquentActiveStake": 0
      },
      "4.0.0-beta.2": {
        "currentValidators": 1,
        "delinquentValidators": 0,
        "currentActiveStake": 293002807060679,
        "delinquentActiveStake": 0
      },
      "4.0.0-beta.4": {
        "currentValidators": 1,
        "delinquentValidators": 0,
        "currentActiveStake": 11893599338312,
        "delinquentActiveStake": 0
      },
      "4.0.0-beta.6": {
        "currentValidators": 3,
        "delinquentValidators": 0,
        "currentActiveStake": 334737508352509,
        "delinquentActiveStake": 0
      },
      "4.0.0-beta.7": {
        "currentValidators": 2,
        "delinquentValidators": 0,
        "currentActiveStake": 115009907325123,
        "delinquentActiveStake": 0
      },
      "4.1.0-alpha.0": {
        "currentValidators": 6,
        "delinquentValidators": 0,