{
  "timestamp": "2026-03-31T18:41:18.012826+00:00",
  "cluster": "mainnet-beta",
  "epoch": 949,
  "epoch_completed_percent": 41.47,
  "record_counts": {
    "validator": 783,
    "validator-hidden": 1,
    "validator-inactive": 12,
    "backup-node": 0,
    "rpc": 182,
    "co-hosted": 21,
    "unknown-node": 4116,
    "dz-device": 95,
    "jito-block-engine": 38,
    "jito-shred-receiver": 8,
    "jito-ntp": 8,
    "jito-bam": 12,
    "harmonic-auction": 6,
    "harmonic-tpu-relayer": 6,
    "harmonic-shred-receiver": 6,
    "harmonic-bundles": 6,
    "solana-rpc-official": 1,
    "solana-entrypoint": 5
  },
  "validators": {
    "total": 783,
    "total_all": 796,
    "offline": 13,
    "country_distribution": {
      "DE": 185,
      "NL": 138,
      "US": 127,
      "JP": 68,
      "SG": 49,
      "GB": 41,
      "BR": 20,
      "LT": 16,
      "CA": 16,
      "HK": 15,
      "FR": 15,
      "ZA": 12,
      "IE": 10,
      "PL": 9,
      "SE": 9
    },
    "asn_distribution": {
      "TERASWITCH": 121,
      "LATITUDE-SH": 113,
      "AS-VULTR": 90,
      "ALLNODES": 67,
      "AMARUTU-TECHNOLOGY": 41,
      "OVH": 36,
      "AS262287": 19,
      "WEBNX": 19,
      "SERVERS-COM": 18,
      "CHERRYSERVERS2-AS": 18
    },
    "stake_by_country": {
      "DE": 32.584016625261626,
      "NL": 25.05618984875072,
      "US": 9.914751472686213,
      "GB": 9.206821708871631,
      "JP": 6.531418962308936,
      "LT": 4.487497746725361,
      "SG": 2.896131671236795,
      "IE": 1.8517386511018397,
      "SE": 1.6565624712973532,
      "FR": 0.9374260926654063,
      "CA": 0.7752887170921573,
      "BR": 0.7055828482442359,
      "HK": 0.48500136830655016,
      "CH": 0.4741265562390086,
      "ES": 0.3227001764168981,
      "PL": 0.2956043413917985,
      "NO": 0.26634775675710687,
      "ZA": 0.24161436083104915,
      "CZ": 0.2372020221513057,
      "SK": 0.2348580090268496,
      "AE": 0.20997583854381918,
      "MX": 0.16617467343051723,
      "RU": 0.07173219008158359,
      "OFFLINE": 0.057771462367375834,
      "LV": 0.04842390707633075,
      "RO": 0.04620778940817237,
      "CL": 0.04513760880457922,
      "AT": 0.04310704345414341,
      "AL": 0.0345292621739222,
      "AR": 0.03130008889245184,
      "LU": 0.03032445477482872,
      "BG": 0.029376283692379664,
      "EE": 0.012538934691255194,
      "FI": 0.012516347701533582,
      "KR": 0.0000027075442928773864
    },
    "decentralization": {
      "nakamoto_country": {
        "value": 2,
        "rating": "Critical"
      },
      "nakamoto_asn": {
        "value": 1,
        "rating": "Critical"
      },
      "nakamoto_city": {
        "value": 2,
        "rating": "Critical"
      },
      "nakamoto_validator": {
        "value": 20,
        "rating": "Excellent"
      },
      "superminority_country_33": {
        "value": 2
      },
      "superminority_asn_33": {
        "value": 1
      },
      "superminority_validator_33": {
        "value": 20
      },
      "superminority_country_50": {
        "value": 2
      },
      "superminority_asn_50": {
        "value": 3
      },
      "superminority_validator_50": {
        "value": 44
      },
      "superminority_country_66": {
        "value": 3
      },
      "superminority_asn_66": {
        "value": 8
      },
      "superminority_validator_66": {
        "value": 82
      },
      "hhi_country": {
        "value": 1952.9,
        "rating": "Moderately concentrated"
      },
      "hhi_asn": {
        "value": 1425.3,
        "rating": "Competitive"
      },
      "hhi_validator": {
        "value": 92.2,
        "rating": "Competitive"
      },
      "gini_validators": {
        "value": 0.7488,
        "rating": "High inequality"
      },
      "shannon_country": {
        "entropy": 2.9497,
        "normalized": 0.5751,
        "rating": "Moderate diversity"
      },
      "shannon_asn": {
        "entropy": 4.0219,
        "normalized": 0.6094,
        "rating": "Moderate diversity"
      },
      "shannon_validator": {
        "entropy": 7.8463,
        "normalized": 0.8148,
        "rating": "High diversity"
      }
    }
  },
  "cluster_health": {
    "total_active_stake": 424739127269405250,
    "total_current_stake": 424613648095903170,
    "total_delinquent_stake": 125479173502090,
    "delinquent_stake_percent": 0.03,
    "average_skip_rate": 0.39802340557316723,
    "average_stake_weighted_skip_rate": 0.06987438049329472,
    "stake_by_version": {
      "unknown": {
        "currentValidators": 1,
        "delinquentValidators": 12,
        "currentActiveStake": 228447122463264,
        "delinquentActiveStake": 16930882606701
      },
      "0.1.1": {
        "currentValidators": 9,
        "delinquentValidators": 0,
        "currentActiveStake": 6376910105944260,
        "delinquentActiveStake": 0
      },
      "0.811.30108": {
        "currentValidators": 1,
        "delinquentValidators": 0,
        "currentActiveStake": 146570217382166,
        "delinquentActiveStake": 0
      },
      "0.813.30108": {
        "currentValidators": 2,
        "delinquentValidators": 0,
        "currentActiveStake": 9466016767298,
        "delinquentActiveStake": 0
      },
      "0.814.30108": {
        "currentValidators": 43,
        "delinquentValidators": 0,
        "currentActiveStake": 9516634132591668,
        "delinquentActiveStake": 0
      },
      "0.815.30110": {
        "currentValidators": 1,
        "delinquentValidators": 0,
        "currentActiveStake": 135226463633875,
        "delinquentActiveStake": 0
      },
      "0.817.30110": {
        "currentValidators": 15,
        "delinquentValidators": 0,
        "currentActiveStake": 18412354138816156,
        "delinquentActiveStake": 0
      },
      "0.818.30111": {
        "currentValidators": 18,
        "delinquentValidators": 0,
        "currentActiveStake": 26086225106718990,
        "delinquentActiveStake": 0
      },
      "3.1.2": {
        "currentValidators": 2,
        "delinquentValidators": 0,
        "currentActiveStake": 53161825993498,
        "delinquentActiveStake": 0
      },
      "3.1.8": {
        "currentValidators": 19,
        "delinquentValidators": 0,
        "currentActiveStake": 24886794935031710,
        "delinquentActiveStake": 0
      },
      "3.1.9": {
        "currentValidators": 2,
        "delinquentValidators": 0,
        "currentActiveStake": 111335491263068,
        "delinquentActiveStake": 0
      },
      "3.1.10": {
        "currentValidators": 500,
        "delinquentValidators": 9,
        "currentActiveStake": 246887597153518700,
        "delinquentActiveStake": 101884836052126
      },
      "3.1.11": {
        "currentValidators": 149,
        "delinquentValidators": 1,
        "currentActiveStake": 90639759581974500,
        "delinquentActiveStake": 6663454843263
      },
      "3.1.12": {
        "currentValidators": 4,
        "delinquentValidators": 0,
        "currentActiveStake": 711616971583012,
        "delinquentActiveStake": 0
      },
      "4.0.0-beta.5": {
        "currentValidators": 1,
        "delinquentValidators": 0,
        "currentActiveStake": 57435904209976,
        "delinquentActiveStake": 0
      },
      "4.0.0-beta.6": {
        "currentValidators": 1,
        "delinquentValidators": 0,
        "currentActiveStake": 57410781716116,
        "delinquentActiveStake": 0
      },
      "4.0.0": {
        "currentValidators": 1,
        "delinquentValidators": 0,
        "currentActiveStake": 11910297124322,
        "delinquentActiveStake": 0
      },
      "4.1.0-alpha.0": {
        "currentValidators": 5,
        "delinquentValidators": 0,
        "currentActiveStake": 284791849170586,
        "delinquentActiveStake": 0
      }
    }
  },
  "doublezero": {
    "validators": 453,
    "validators_percent": 56.9,
    "validators_stake_percent": 47.2,
    "connection_types": {
      "ibrl_only": 95,
      "multicast_only": 7,
      "ibrl_and_multicast": 351,
      "unknown": 0
    },